{
    "tea": 6.000000000000001,
    "coffee": 7.5,
    "chocolate": 6.599999999999999
}